action_type,activity_comment,activity_id,activity_properties,assay_chembl_id,assay_description,assay_type,assay_variant_accession,assay_variant_mutation,bao_endpoint,bao_format,bao_label,canonical_smiles,data_validity_comment,data_validity_description,document_chembl_id,document_journal,document_year,ligand_efficiency,molecule_chembl_id,molecule_pref_name,parent_molecule_chembl_id,pchembl_value,potential_duplicate,qudt_units,record_id,relation,src_id,standard_flag,standard_relation,standard_text_value,standard_type,standard_units,standard_upper_value,standard_value,target_chembl_id,target_organism,target_pref_name,target_tax_id,text_value,toid,type,units,uo_units,upper_value,value
,,1431473,[],CHEMBL829743,In vitro effective concentration against beta amyloid protein 42 in ELISA,B,,,BAO_0000188,BAO_0000357,single protein format,CCCNC(=O)OC[C@@H](C)N(c1cc(Cl)ccc1CO)S(=O)(=O)c1ccc(Cl)cc1,,,CHEMBL1143507,Bioorg Med Chem Lett,2005,,CHEMBL181204,,CHEMBL181204,,0,http://www.openphacts.org/units/Nanomolar,369393,<,1,1,<,,EC50,nM,,100.0,CHEMBL2487,Homo sapiens,Amyloid-beta A4 protein,9606,,,EC50,uM,UO_0000065,,0.1
,,1431474,[],CHEMBL829742,In vitro effective concentration against beta amyloid protein 40 in ELISA,B,,,BAO_0000188,BAO_0000357,single protein format,CCOC(=O)N1CCC(c2ccccc2OC)(S(=O)(=O)c2ccc(Cl)cc2)CC1,,,CHEMBL1143507,Bioorg Med Chem Lett,2005,"{'bei': '12.46', 'le': '0.26', 'lle': '1.19', 'sei': '7.48'}",CHEMBL360473,,CHEMBL360473,5.46,0,http://www.openphacts.org/units/Nanomolar,369398,=,1,1,=,,EC50,nM,,3500.0,CHEMBL2487,Homo sapiens,Amyloid-beta A4 protein,9606,,,EC50,uM,UO_0000065,,3.5
,,1431475,[],CHEMBL829743,In vitro effective concentration against beta amyloid protein 42 in ELISA,B,,,BAO_0000188,BAO_0000357,single protein format,CCOC(=O)N1CCC(c2ccccc2OC)(S(=O)(=O)c2ccc(Cl)cc2)CC1,,,CHEMBL1143507,Bioorg Med Chem Lett,2005,"{'bei': '12.10', 'le': '0.25', 'lle': '1.03', 'sei': '7.27'}",CHEMBL360473,,CHEMBL360473,5.30,0,http://www.openphacts.org/units/Nanomolar,369398,=,1,1,=,,EC50,nM,,5000.0,CHEMBL2487,Homo sapiens,Amyloid-beta A4 protein,9606,,,EC50,uM,UO_0000065,,5.0
,,1431476,[],CHEMBL832682,In vitro inhibition of amyloid precursor protein 695 activity in CHO cells expressing human APP,F,,,BAO_0000188,BAO_0000219,cell-based format,CCOC(=O)N1CCC(c2ccccc2OC)(S(=O)(=O)c2ccc(Cl)cc2)CC1,,,CHEMBL1143507,Bioorg Med Chem Lett,2005,,CHEMBL360473,,CHEMBL360473,5.99,0,http://www.openphacts.org/units/Nanomolar,369398,=,1,1,=,,EC50,nM,,1030.0,CHEMBL2487,Homo sapiens,Amyloid-beta A4 protein,9606,,,EC50,uM,UO_0000065,,1.03
,,1431477,[],CHEMBL825230,In vitro reduction of Swedish NL mutant amyloid precursor protein activity expressed in CHO cells,F,,,BAO_0000188,BAO_0000219,cell-based format,CCOC(=O)N1CCC(c2ccccc2OC)(S(=O)(=O)c2ccc(Cl)cc2)CC1,,,CHEMBL1143507,Bioorg Med Chem Lett,2005,,CHEMBL360473,,CHEMBL360473,6.28,0,http://www.openphacts.org/units/Nanomolar,369398,=,1,1,=,,EC50,nM,,530.0,CHEMBL2487,Homo sapiens,Amyloid-beta A4 protein,9606,,,EC50,uM,UO_0000065,,0.53
,,1431478,[],CHEMBL825229,In vitro elevation of beta C-terminal fragment (Ct-99) in CHO cells expressing mutant Swedish NL human APP,F,,,BAO_0000188,BAO_0000219,cell-based format,CCOC(=O)N1CCC(c2ccccc2OC)(S(=O)(=O)c2ccc(Cl)cc2)CC1,,,CHEMBL1143507,Bioorg Med Chem Lett,2005,,CHEMBL360473,,CHEMBL360473,6.19,0,http://www.openphacts.org/units/Nanomolar,369398,=,1,1,=,,EC50,nM,,640.0,CHEMBL2487,Homo sapiens,Amyloid-beta A4 protein,9606,,,EC50,uM,UO_0000065,,0.64
,,1431479,[],CHEMBL829742,In vitro effective concentration against beta amyloid protein 40 in ELISA,B,,,BAO_0000188,BAO_0000357,single protein format,CCOC(=O)N1CCC(c2ccccc2)(S(=O)(=O)c2ccc(Cl)cc2)CC1,,,CHEMBL1143507,Bioorg Med Chem Lett,2005,"{'bei': '12.05', 'le': '0.25', 'lle': '0.65', 'sei': '7.72'}",CHEMBL180641,,CHEMBL180641,4.91,0,http://www.openphacts.org/units/Nanomolar,369399,=,1,1,=,,EC50,nM,,12200.0,CHEMBL2487,Homo sapiens,Amyloid-beta A4 protein,9606,,,EC50,uM,UO_0000065,,12.2
,,1431480,[],CHEMBL829743,In vitro effective concentration against beta amyloid protein 42 in ELISA,B,,,BAO_0000188,BAO_0000357,single protein format,CCOC(=O)N1CCC(c2ccccc2)(S(=O)(=O)c2ccc(Cl)cc2)CC1,,,CHEMBL1143507,Bioorg Med Chem Lett,2005,"{'bei': '11.47', 'le': '0.24', 'lle': '0.42', 'sei': '7.35'}",CHEMBL180641,,CHEMBL180641,4.68,0,http://www.openphacts.org/units/Nanomolar,369399,=,1,1,=,,EC50,nM,,20900.0,CHEMBL2487,Homo sapiens,Amyloid-beta A4 protein,9606,,,EC50,uM,UO_0000065,,20.9
,,1431481,[],CHEMBL829742,In vitro effective concentration against beta amyloid protein 40 in ELISA,B,,,BAO_0000188,BAO_0000357,single protein format,CCOC(=O)N1CCC(c2ccccc2C)(S(=O)(=O)c2ccc(Cl)cc2)CC1,,,CHEMBL1143507,Bioorg Med Chem Lett,2005,"{'bei': '13.20', 'le': '0.27', 'lle': '1.00', 'sei': '8.74'}",CHEMBL183805,,CHEMBL183805,5.57,0,http://www.openphacts.org/units/Nanomolar,369404,=,1,1,=,,EC50,nM,,2700.0,CHEMBL2487,Homo sapiens,Amyloid-beta A4 protein,9606,,,EC50,uM,UO_0000065,,2.7
,,1431482,[],CHEMBL829743,In vitro effective concentration against beta amyloid protein 42 in ELISA,B,,,BAO_0000188,BAO_0000357,single protein format,CCOC(=O)N1CCC(c2ccccc2C)(S(=O)(=O)c2ccc(Cl)cc2)CC1,,,CHEMBL1143507,Bioorg Med Chem Lett,2005,"{'bei': '12.87', 'le': '0.26', 'lle': '0.86', 'sei': '8.53'}",CHEMBL183805,,CHEMBL183805,5.43,0,http://www.openphacts.org/units/Nanomolar,369404,=,1,1,=,,EC50,nM,,3700.0,CHEMBL2487,Homo sapiens,Amyloid-beta A4 protein,9606,,,EC50,uM,UO_0000065,,3.7
,,1431483,[],CHEMBL829742,In vitro effective concentration against beta amyloid protein 40 in ELISA,B,,,BAO_0000188,BAO_0000357,single protein format,CCOC(=O)N1CCC(c2ccccc2OC)(S(=O)(=O)c2ccccc2)CC1,,,CHEMBL1143507,Bioorg Med Chem Lett,2005,"{'bei': '10.42', 'le': '0.20', 'lle': '0.58', 'sei': '5.76'}",CHEMBL183806,,CHEMBL183806,4.20,0,http://www.openphacts.org/units/Nanomolar,369405,=,1,1,=,,EC50,nM,,62700.0,CHEMBL2487,Homo sapiens,Amyloid-beta A4 protein,9606,,,EC50,uM,UO_0000065,,62.7
,Increase,1431484,[],CHEMBL840103,In vitro effective concentration against beta amyloid protein 42 in ELISA; increase in presence of weak inhibitor,B,,,BAO_0000188,BAO_0000357,single protein format,CCOC(=O)N1CCC(c2ccccc2OC)(S(=O)(=O)c2ccccc2)CC1,,,CHEMBL1143507,Bioorg Med Chem Lett,2005,,CHEMBL183806,,CHEMBL183806,,0,http://www.openphacts.org/units/Nanomolar,369405,,1,0,,,EC50,nM,,,CHEMBL2487,Homo sapiens,Amyloid-beta A4 protein,9606,,,EC50,uM,UO_0000065,,
,Increase,1431486,[],CHEMBL840103,In vitro effective concentration against beta amyloid protein 42 in ELISA; increase in presence of weak inhibitor,B,,,BAO_0000188,BAO_0000357,single protein format,CCOC(=O)N1CCC(c2ccccc2)(S(=O)(=O)c2ccccc2)CC1,,,CHEMBL1143507,Bioorg Med Chem Lett,2005,,CHEMBL182896,,CHEMBL182896,,0,http://www.openphacts.org/units/Nanomolar,369411,,1,0,,,EC50,nM,,,CHEMBL2487,Homo sapiens,Amyloid-beta A4 protein,9606,,,EC50,uM,UO_0000065,,
,,1431487,[],CHEMBL829742,In vitro effective concentration against beta amyloid protein 40 in ELISA,B,,,BAO_0000188,BAO_0000357,single protein format,CCOC(=O)N1CCC(c2ccccc2C)(S(=O)(=O)c2ccccc2)CC1,,,CHEMBL1143507,Bioorg Med Chem Lett,2005,"{'bei': '11.13', 'le': '0.22', 'lle': '0.39', 'sei': '6.77'}",CHEMBL183815,,CHEMBL183815,4.31,0,http://www.openphacts.org/units/Nanomolar,369412,=,1,1,=,,EC50,nM,,48600.0,CHEMBL2487,Homo sapiens,Amyloid-beta A4 protein,9606,,,EC50,uM,UO_0000065,,48.6
,Increase,1431488,[],CHEMBL840103,In vitro effective concentration against beta amyloid protein 42 in ELISA; increase in presence of weak inhibitor,B,,,BAO_0000188,BAO_0000357,single protein format,CCOC(=O)N1CCC(c2ccccc2C)(S(=O)(=O)c2ccccc2)CC1,,,CHEMBL1143507,Bioorg Med Chem Lett,2005,,CHEMBL183815,,CHEMBL183815,,0,http://www.openphacts.org/units/Nanomolar,369412,,1,0,,,EC50,nM,,,CHEMBL2487,Homo sapiens,Amyloid-beta A4 protein,9606,,,EC50,uM,UO_0000065,,
,,1431601,[],CHEMBL829742,In vitro effective concentration against beta amyloid protein 40 in ELISA,B,,,BAO_0000188,BAO_0000357,single protein format,CCOC(=O)N1CCC(c2ccccc2OC)(S(=O)(=O)c2ccc(OC)cc2)CC1,,,CHEMBL1143507,Bioorg Med Chem Lett,2005,"{'bei': '9.91', 'le': '0.20', 'lle': '0.67', 'sei': '5.23'}",CHEMBL182768,,CHEMBL182768,4.30,0,http://www.openphacts.org/units/Nanomolar,369418,=,1,1,=,,EC50,nM,,50600.0,CHEMBL2487,Homo sapiens,Amyloid-beta A4 protein,9606,,,EC50,uM,UO_0000065,,50.6
,Increase,1431602,[],CHEMBL840103,In vitro effective concentration against beta amyloid protein 42 in ELISA; increase in presence of weak inhibitor,B,,,BAO_0000188,BAO_0000357,single protein format,CCOC(=O)N1CCC(c2ccccc2OC)(S(=O)(=O)c2ccc(OC)cc2)CC1,,,CHEMBL1143507,Bioorg Med Chem Lett,2005,,CHEMBL182768,,CHEMBL182768,,0,http://www.openphacts.org/units/Nanomolar,369418,,1,0,,,EC50,nM,,,CHEMBL2487,Homo sapiens,Amyloid-beta A4 protein,9606,,,EC50,uM,UO_0000065,,
,,1431603,[],CHEMBL829742,In vitro effective concentration against beta amyloid protein 40 in ELISA,B,,,BAO_0000188,BAO_0000357,single protein format,CCOC(=O)N1CCC(c2ccccc2)(S(=O)(=O)c2ccc(OC)cc2)CC1,,,CHEMBL1143507,Bioorg Med Chem Lett,2005,"{'bei': '9.95', 'le': '0.20', 'lle': '0.39', 'sei': '5.50'}",CHEMBL360740,,CHEMBL360740,4.01,0,http://www.openphacts.org/units/Nanomolar,369512,=,1,1,=,,EC50,nM,,97000.0,CHEMBL2487,Homo sapiens,Amyloid-beta A4 protein,9606,,,EC50,uM,UO_0000065,,97.0
,Increase,1431604,[],CHEMBL840103,In vitro effective concentration against beta amyloid protein 42 in ELISA; increase in presence of weak inhibitor,B,,,BAO_0000188,BAO_0000357,single protein format,CCOC(=O)N1CCC(c2ccccc2)(S(=O)(=O)c2ccc(OC)cc2)CC1,,,CHEMBL1143507,Bioorg Med Chem Lett,2005,,CHEMBL360740,,CHEMBL360740,,0,http://www.openphacts.org/units/Nanomolar,369512,,1,0,,,EC50,nM,,,CHEMBL2487,Homo sapiens,Amyloid-beta A4 protein,9606,,,EC50,uM,UO_0000065,,
,,1431605,[],CHEMBL829742,In vitro effective concentration against beta amyloid protein 40 in ELISA,B,,,BAO_0000188,BAO_0000357,single protein format,CCOC(=O)N1CCC(c2ccccc2C)(S(=O)(=O)c2ccc(OC)cc2)CC1,,,CHEMBL1143507,Bioorg Med Chem Lett,2005,"{'bei': '11.04', 'le': '0.22', 'lle': '0.68', 'sei': '6.32'}",CHEMBL360341,,CHEMBL360341,4.61,0,http://www.openphacts.org/units/Nanomolar,369513,=,1,1,=,,EC50,nM,,24500.0,CHEMBL2487,Homo sapiens,Amyloid-beta A4 protein,9606,,,EC50,uM,UO_0000065,,24.5
,Increase,1431606,[],CHEMBL840103,In vitro effective concentration against beta amyloid protein 42 in ELISA; increase in presence of weak inhibitor,B,,,BAO_0000188,BAO_0000357,single protein format,CCOC(=O)N1CCC(c2ccccc2C)(S(=O)(=O)c2ccc(OC)cc2)CC1,,,CHEMBL1143507,Bioorg Med Chem Lett,2005,,CHEMBL360341,,CHEMBL360341,,0,http://www.openphacts.org/units/Nanomolar,369513,,1,0,,,EC50,nM,,,CHEMBL2487,Homo sapiens,Amyloid-beta A4 protein,9606,,,EC50,uM,UO_0000065,,
,,1433216,[],CHEMBL829742,In vitro effective concentration against beta amyloid protein 40 in ELISA,B,,,BAO_0000188,BAO_0000357,single protein format,CCCNC(=O)OC[C@@H](C)N(c1cc(Cl)ccc1CO)S(=O)(=O)c1ccc(Cl)cc1,,,CHEMBL1143507,Bioorg Med Chem Lett,2005,"{'bei': '14.72', 'le': '0.32', 'lle': '2.79', 'sei': '7.30'}",CHEMBL181204,,CHEMBL181204,7.00,0,http://www.openphacts.org/units/Nanomolar,369393,=,1,1,=,,EC50,nM,,100.0,CHEMBL2487,Homo sapiens,Amyloid-beta A4 protein,9606,,,EC50,uM,UO_0000065,,0.1
,,3076411,[],CHEMBL1042916,Inhibition of human recombinant APP expressed in CHO-K1 cells assessed as reduction of amyloid beta level by ELISA,B,,,BAO_0000188,BAO_0000219,cell-based format,NC1=NC(c2ccccc2)(c2ccccc2)C2=NCCCN12,,,CHEMBL1153180,Bioorg Med Chem Lett,2010,"{'bei': '16.52', 'le': '0.30', 'lle': '2.44', 'sei': '8.88'}",CHEMBL582044,,CHEMBL582044,4.80,0,http://www.openphacts.org/units/Nanomolar,872162,=,1,1,=,,EC50,nM,,16000.0,CHEMBL2487,Homo sapiens,Amyloid-beta A4 protein,9606,,,EC50,uM,UO_0000065,,16.0
,,3076412,[],CHEMBL1042916,Inhibition of human recombinant APP expressed in CHO-K1 cells assessed as reduction of amyloid beta level by ELISA,B,,,BAO_0000188,BAO_0000219,cell-based format,CN1C(=O)C(c2ccccc2)(c2ccccc2)N=C1N,,,CHEMBL1153180,Bioorg Med Chem Lett,2010,"{'bei': '20.28', 'le': '0.37', 'lle': '3.66', 'sei': '9.17'}",CHEMBL291784,,CHEMBL291784,5.38,0,http://www.openphacts.org/units/Nanomolar,872225,=,1,1,=,,EC50,nM,,4170.0,CHEMBL2487,Homo sapiens,Amyloid-beta A4 protein,9606,,,EC50,uM,UO_0000065,,4.17
,,3076413,[],CHEMBL1042916,Inhibition of human recombinant APP expressed in CHO-K1 cells assessed as reduction of amyloid beta level by ELISA,B,,,BAO_0000188,BAO_0000219,cell-based format,CN1C(=O)C(c2ccccc2)(C2CCCCC2)N=C1N,,,CHEMBL1153180,Bioorg Med Chem Lett,2010,"{'bei': '22.45', 'le': '0.42', 'lle': '3.84', 'sei': '10.38'}",CHEMBL599965,,CHEMBL599965,6.09,0,http://www.openphacts.org/units/Nanomolar,872226,=,1,1,=,,EC50,nM,,810.0,CHEMBL2487,Homo sapiens,Amyloid-beta A4 protein,9606,,,EC50,uM,UO_0000065,,0.81
,,3076414,[],CHEMBL1042916,Inhibition of human recombinant APP expressed in CHO-K1 cells assessed as reduction of amyloid beta level by ELISA,B,,,BAO_0000188,BAO_0000219,cell-based format,CN1C(=O)C(C2CCCCC2)(C2CCCCC2)N=C1N,,,CHEMBL1153180,Bioorg Med Chem Lett,2010,"{'bei': '21.58', 'le': '0.41', 'lle': '3.32', 'sei': '10.20'}",CHEMBL589163,,CHEMBL589163,5.99,0,http://www.openphacts.org/units/Nanomolar,872227,=,1,1,=,,EC50,nM,,1030.0,CHEMBL2487,Homo sapiens,Amyloid-beta A4 protein,9606,,,EC50,uM,UO_0000065,,1.03
,,3076462,[],CHEMBL1042916,Inhibition of human recombinant APP expressed in CHO-K1 cells assessed as reduction of amyloid beta level by ELISA,B,,,BAO_0000188,BAO_0000219,cell-based format,Cc1ccoc1C(=O)Nc1cccc(C2(C3CCCCC3)N=C(N)N(C)C2=O)c1,,,CHEMBL1153180,Bioorg Med Chem Lett,2010,"{'bei': '17.10', 'le': '0.32', 'lle': '3.34', 'sei': '6.68'}",CHEMBL590830,,CHEMBL590830,6.75,0,http://www.openphacts.org/units/Nanomolar,872312,=,1,1,=,,EC50,nM,,180.0,CHEMBL2487,Homo sapiens,Amyloid-beta A4 protein,9606,,,EC50,uM,UO_0000065,,0.18
,,3262664,[],CHEMBL1108759,Inhibition of human recombinant APP in CHO cells assessed as decrease in beta amyloid protein level by ELISA,B,,,BAO_0000188,BAO_0000219,cell-based format,Nc1nc(Cn2c(-c3ccc(Oc4cncnc4)cc3)ccc2-c2ccccc2Cl)ccc1NCCO,,,CHEMBL1156953,Bioorg Med Chem Lett,2010,"{'bei': '13.10', 'le': '0.25', 'lle': '1.23', 'sei': '6.05'}",CHEMBL1090543,,CHEMBL1090543,6.72,0,http://www.openphacts.org/units/Nanomolar,901871,=,1,1,=,,EC50,nM,,190.0,CHEMBL2487,Homo sapiens,Amyloid-beta A4 protein,9606,,,EC50,uM,UO_0000065,,0.19
,,3262665,[],CHEMBL1108759,Inhibition of human recombinant APP in CHO cells assessed as decrease in beta amyloid protein level by ELISA,B,,,BAO_0000188,BAO_0000219,cell-based format,Nc1nc(Cn2c(-c3ccc(Oc4cncnc4)cc3)ccc2-c2ccccc2Cl)ccc1OCCO,,,CHEMBL1156953,Bioorg Med Chem Lett,2010,"{'bei': '12.37', 'le': '0.23', 'lle': '0.91', 'sei': '5.87'}",CHEMBL1090542,,CHEMBL1090542,6.36,0,http://www.openphacts.org/units/Nanomolar,901870,=,1,1,=,,EC50,nM,,440.0,CHEMBL2487,Homo sapiens,Amyloid-beta A4 protein,9606,,,EC50,uM,UO_0000065,,0.44
,,3262666,[],CHEMBL1108759,Inhibition of human recombinant APP in CHO cells assessed as decrease in beta amyloid protein level by ELISA,B,,,BAO_0000188,BAO_0000219,cell-based format,CCCCCOc1ccc(-c2ccc(-c3ccccc3Cl)n2Cc2ccc(NCCO)c(N)n2)cc1,,,CHEMBL1156953,Bioorg Med Chem Lett,2010,"{'bei': '10.88', 'le': '0.21', 'lle': '-0.98', 'sei': '6.44'}",CHEMBL1089186,,CHEMBL1089186,5.50,0,http://www.openphacts.org/units/Nanomolar,901797,=,1,1,=,,EC50,nM,,3200.0,CHEMBL2487,Homo sapiens,Amyloid-beta A4 protein,9606,,,EC50,uM,UO_0000065,,3.2
,,3262667,[],CHEMBL1108759,Inhibition of human recombinant APP in CHO cells assessed as decrease in beta amyloid protein level by ELISA,B,,,BAO_0000188,BAO_0000219,cell-based format,CCCCCOc1ccc(-c2ccc(-c3ccccc3Cl)n2Cc2ccc(OCCO)c(N)n2)cc1,,,CHEMBL1156953,Bioorg Med Chem Lett,2010,"{'bei': '9.62', 'le': '0.18', 'lle': '-1.57', 'sei': '5.90'}",CHEMBL1093807,,CHEMBL1093807,4.87,0,http://www.openphacts.org/units/Nanomolar,901795,=,1,1,=,,EC50,nM,,13600.0,CHEMBL2487,Homo sapiens,Amyloid-beta A4 protein,9606,,,EC50,uM,UO_0000065,,13.6
,,3262668,[],CHEMBL1108759,Inhibition of human recombinant APP in CHO cells assessed as decrease in beta amyloid protein level by ELISA,B,,,BAO_0000188,BAO_0000219,cell-based format,Nc1cccc(Cn2c(-c3ccc(Nc4cncnc4)cc3)ccc2-c2ccccc2Cl)n1,,,CHEMBL1156953,Bioorg Med Chem Lett,2010,"{'bei': '11.18', 'le': '0.21', 'lle': '-0.96', 'sei': '6.20'}",CHEMBL1093806,,CHEMBL1093806,5.07,0,http://www.openphacts.org/units/Nanomolar,901794,=,1,1,=,,EC50,nM,,8600.0,CHEMBL2487,Homo sapiens,Amyloid-beta A4 protein,9606,,,EC50,uM,UO_0000065,,8.6
,,3262669,[],CHEMBL1108759,Inhibition of human recombinant APP in CHO cells assessed as decrease in beta amyloid protein level by ELISA,B,,,BAO_0000188,BAO_0000219,cell-based format,Nc1cccc(Cn2c(-c3ccc(Oc4cccs4)cc3)ccc2-c2ccccc2Cl)n1,,,CHEMBL1156953,Bioorg Med Chem Lett,2010,"{'bei': '10.76', 'le': '0.21', 'lle': '-2.42', 'sei': '9.29'}",CHEMBL1092913,,CHEMBL1092913,4.93,0,http://www.openphacts.org/units/Nanomolar,901700,=,1,1,=,,EC50,nM,,11800.0,CHEMBL2487,Homo sapiens,Amyloid-beta A4 protein,9606,,,EC50,uM,UO_0000065,,11.8
,,3262670,[],CHEMBL1108759,Inhibition of human recombinant APP in CHO cells assessed as decrease in beta amyloid protein level by ELISA,B,,,BAO_0000188,BAO_0000219,cell-based format,Nc1cccc(Cn2c(-c3ccc(Oc4cnccn4)cc3)ccc2-c2ccccc2Cl)n1,,,CHEMBL1156953,Bioorg Med Chem Lett,2010,"{'bei': '10.74', 'le': '0.20', 'lle': '-1.20', 'sei': '6.18'}",CHEMBL1092000,,CHEMBL1092000,4.88,0,http://www.openphacts.org/units/Nanomolar,901698,=,1,1,=,,EC50,nM,,13300.0,CHEMBL2487,Homo sapiens,Amyloid-beta A4 protein,9606,,,EC50,uM,UO_0000065,,13.3
,,3262671,[],CHEMBL1108759,Inhibition of human recombinant APP in CHO cells assessed as decrease in beta amyloid protein level by ELISA,B,,,BAO_0000188,BAO_0000219,cell-based format,Nc1cccc(Cn2c(-c3ccc(Oc4cncnc4)cc3)ccc2-c2ccccc2Cl)n1,,,CHEMBL1156953,Bioorg Med Chem Lett,2010,"{'bei': '12.46', 'le': '0.23', 'lle': '-0.42', 'sei': '7.18'}",CHEMBL1091999,,CHEMBL1091999,5.66,0,http://www.openphacts.org/units/Nanomolar,901697,=,1,1,=,,EC50,nM,,2200.0,CHEMBL2487,Homo sapiens,Amyloid-beta A4 protein,9606,,,EC50,uM,UO_0000065,,2.2
,,3262672,[],CHEMBL1108759,Inhibition of human recombinant APP in CHO cells assessed as decrease in beta amyloid protein level by ELISA,B,,,BAO_0000188,BAO_0000219,cell-based format,Nc1cccc(Cn2c(-c3ccc(Oc4ccncc4)cc3)ccc2-c2ccccc2Cl)n1,,,CHEMBL1156953,Bioorg Med Chem Lett,2010,"{'bei': '11.74', 'le': '0.22', 'lle': '-1.37', 'sei': '8.06'}",CHEMBL1091219,,CHEMBL1091219,5.32,0,http://www.openphacts.org/units/Nanomolar,901601,=,1,1,=,,EC50,nM,,4800.0,CHEMBL2487,Homo sapiens,Amyloid-beta A4 protein,9606,,,EC50,uM,UO_0000065,,4.8
,,3262673,[],CHEMBL1108759,Inhibition of human recombinant APP in CHO cells assessed as decrease in beta amyloid protein level by ELISA,B,,,BAO_0000188,BAO_0000219,cell-based format,Nc1cccc(Cn2c(-c3ccc(Oc4ccccc4)cc3)ccc2-c2ccccc2Cl)n1,,,CHEMBL1156953,Bioorg Med Chem Lett,2010,"{'bei': '11.14', 'le': '0.21', 'lle': '-2.25', 'sei': '9.49'}",CHEMBL1091343,,CHEMBL1091343,5.04,0,http://www.openphacts.org/units/Nanomolar,901600,=,1,1,=,,EC50,nM,,9200.0,CHEMBL2487,Homo sapiens,Amyloid-beta A4 protein,9606,,,EC50,uM,UO_0000065,,9.2
,,3262674,[],CHEMBL1108759,Inhibition of human recombinant APP in CHO cells assessed as decrease in beta amyloid protein level by ELISA,B,,,BAO_0000188,BAO_0000219,cell-based format,C=CCNC(=O)c1ccc(-c2ccc(-c3ccccc3)n2Cc2cccc(N)n2)cc1,,,CHEMBL1156953,Bioorg Med Chem Lett,2010,"{'bei': '13.02', 'le': '0.23', 'lle': '0.56', 'sei': '7.29'}",CHEMBL1092227,,CHEMBL1092227,5.32,0,http://www.openphacts.org/units/Nanomolar,902981,=,1,1,=,,EC50,nM,,4800.0,CHEMBL2487,Homo sapiens,Amyloid-beta A4 protein,9606,,,EC50,uM,UO_0000065,,4.8
,,3262675,[],CHEMBL1108759,Inhibition of human recombinant APP in CHO cells assessed as decrease in beta amyloid protein level by ELISA,B,,,BAO_0000188,BAO_0000219,cell-based format,N#CCCCOc1ccc(-c2ccc(-c3ccccc3Cl)n2Cc2cccc(N)n2)cc1,,,CHEMBL1156953,Bioorg Med Chem Lett,2010,"{'bei': '11.93', 'le': '0.23', 'lle': '-0.90', 'sei': '6.87'}",CHEMBL1089137,,CHEMBL1089137,5.28,0,http://www.openphacts.org/units/Nanomolar,902896,=,1,1,=,,EC50,nM,,5200.0,CHEMBL2487,Homo sapiens,Amyloid-beta A4 protein,9606,,,EC50,uM,UO_0000065,,5.2
,,3262676,[],CHEMBL1108759,Inhibition of human recombinant APP in CHO cells assessed as decrease in beta amyloid protein level by ELISA,B,,,BAO_0000188,BAO_0000219,cell-based format,CCCCCOc1ccc(-c2ccc(-c3ccccc3Cl)n2Cc2cccc(N)n2)cc1,,,CHEMBL1156953,Bioorg Med Chem Lett,2010,"{'bei': '12.73', 'le': '0.24', 'lle': '-1.39', 'sei': '10.70'}",CHEMBL1093450,,CHEMBL1093450,5.68,0,http://www.openphacts.org/units/Nanomolar,902819,=,1,1,=,,EC50,nM,,2100.0,CHEMBL2487,Homo sapiens,Amyloid-beta A4 protein,9606,,,EC50,uM,UO_0000065,,2.1
,,3262677,[],CHEMBL1108759,Inhibition of human recombinant APP in CHO cells assessed as decrease in beta amyloid protein level by ELISA,B,,,BAO_0000188,BAO_0000219,cell-based format,COc1ccc(-c2ccc(-c3ccccc3Cl)n2Cc2cccc(N)n2)cc1,,,CHEMBL1156953,Bioorg Med Chem Lett,2010,"{'bei': '12.30', 'le': '0.23', 'lle': '-0.71', 'sei': '9.04'}",CHEMBL1093152,,CHEMBL1093152,4.80,0,http://www.openphacts.org/units/Nanomolar,902745,=,1,1,=,,EC50,nM,,16000.0,CHEMBL2487,Homo sapiens,Amyloid-beta A4 protein,9606,,,EC50,uM,UO_0000065,,16.0
,,3262678,[],CHEMBL1108759,Inhibition of human recombinant APP in CHO cells assessed as decrease in beta amyloid protein level by ELISA,B,,,BAO_0000188,BAO_0000219,cell-based format,Nc1cccc(Cn2c(-c3ccccc3)ccc2-c2ccccc2)n1,,,CHEMBL1156953,Bioorg Med Chem Lett,2010,"{'bei': '14.79', 'le': '0.26', 'lle': '-0.04', 'sei': '10.98'}",CHEMBL1092879,,CHEMBL1092879,4.81,0,http://www.openphacts.org/units/Nanomolar,902744,=,1,1,=,,EC50,nM,,15400.0,CHEMBL2487,Homo sapiens,Amyloid-beta A4 protein,9606,,,EC50,uM,UO_0000065,,15.4
,,16395203,[],CHEMBL3745109,Inhibition of amyloid beta (25 to 35 residues) (unknown origin) aggregate-induced toxicity in rat PC12 cells preincubated for 1 hr followed by amyloid beta challenge measured after 24 hrs by MTT assay,B,,,BAO_0000188,BAO_0000219,cell-based format,O=C(/C=C/c1ccc(O)c(O)c1)O[C@H](Cc1ccc(O)c(O)c1)C(=O)O,,,CHEMBL3739334,J Nat Prod,2015,"{'bei': '11.56', 'le': '0.22', 'lle': '2.41', 'sei': '2.88'}",CHEMBL324842,ROSMARINIC ACID,CHEMBL324842,4.17,0,http://www.openphacts.org/units/Nanomolar,2738610,=,1,1,=,,EC50,nM,,68100.0,CHEMBL2487,Homo sapiens,Amyloid-beta A4 protein,9606,,,EC50,uM,UO_0000065,,68.1
,,16395204,[],CHEMBL3745109,Inhibition of amyloid beta (25 to 35 residues) (unknown origin) aggregate-induced toxicity in rat PC12 cells preincubated for 1 hr followed by amyloid beta challenge measured after 24 hrs by MTT assay,B,,,BAO_0000188,BAO_0000219,cell-based format,CC1(C)C=Cc2cc(C(=O)O)ccc2O1,Outside typical range,"Values for this activity type are unusually large/small, so may not be accurate",CHEMBL3739334,J Nat Prod,2015,,CHEMBL469159,,CHEMBL469159,,0,http://www.openphacts.org/units/Nanomolar,2738609,=,1,1,=,,EC50,nM,,251500.0,CHEMBL2487,Homo sapiens,Amyloid-beta A4 protein,9606,,,EC50,uM,UO_0000065,,251.5
,,16395205,[],CHEMBL3745109,Inhibition of amyloid beta (25 to 35 residues) (unknown origin) aggregate-induced toxicity in rat PC12 cells preincubated for 1 hr followed by amyloid beta challenge measured after 24 hrs by MTT assay,B,,,BAO_0000188,BAO_0000219,cell-based format,CC(=O)O[C@H]1CC(=O)OC(C)(C)[C@@H]2CC[C@]3(C)[C@H](CC=C(C)[C@@]34C[C@]3(OC(C)=C(C)C3=O)C(=O)O4)[C@@]12C,Outside typical range,"Values for this activity type are unusually large/small, so may not be accurate",CHEMBL3739334,J Nat Prod,2015,,CHEMBL3742151,,CHEMBL3742151,,0,http://www.openphacts.org/units/Nanomolar,2738608,=,1,1,=,,EC50,nM,,112600.0,CHEMBL2487,Homo sapiens,Amyloid-beta A4 protein,9606,,,EC50,uM,UO_0000065,,112.6
,,16395206,[],CHEMBL3745109,Inhibition of amyloid beta (25 to 35 residues) (unknown origin) aggregate-induced toxicity in rat PC12 cells preincubated for 1 hr followed by amyloid beta challenge measured after 24 hrs by MTT assay,B,,,BAO_0000188,BAO_0000219,cell-based format,CN1C(=O)[C@@]23CCC(=O)N2C[C@@]12C[C@@]1(C(=O)Nc4c1ccc1c4C=CC(C)(C)O1)C(C)(C)[C@@H]2C3,Outside typical range,"Values for this activity type are unusually large/small, so may not be accurate",CHEMBL3739334,J Nat Prod,2015,,CHEMBL3740688,,CHEMBL3740688,,0,http://www.openphacts.org/units/Nanomolar,2738607,=,1,1,=,,EC50,nM,,149600.0,CHEMBL2487,Homo sapiens,Amyloid-beta A4 protein,9606,,,EC50,uM,UO_0000065,,149.6
,,16396342,[],CHEMBL3745109,Inhibition of amyloid beta (25 to 35 residues) (unknown origin) aggregate-induced toxicity in rat PC12 cells preincubated for 1 hr followed by amyloid beta challenge measured after 24 hrs by MTT assay,B,,,BAO_0000188,BAO_0000219,cell-based format,CC1=CC[C@@H]2[C@@]3(C)C=CC(=O)OC(C)(C)[C@@H]3CC[C@@]2(C)[C@]12Cc1c(c(C)c(C)oc1=O)O2,,,CHEMBL3739334,J Nat Prod,2015,"{'bei': '9.54', 'le': '0.18', 'lle': '-1.03', 'sei': '6.37'}",CHEMBL3739499,,CHEMBL3739499,4.18,0,http://www.openphacts.org/units/Nanomolar,2738606,=,1,1,=,,EC50,nM,,65400.0,CHEMBL2487,Homo sapiens,Amyloid-beta A4 protein,9606,,,EC50,uM,UO_0000065,,65.4
,,16396343,[],CHEMBL3745109,Inhibition of amyloid beta (25 to 35 residues) (unknown origin) aggregate-induced toxicity in rat PC12 cells preincubated for 1 hr followed by amyloid beta challenge measured after 24 hrs by MTT assay,B,,,BAO_0000188,BAO_0000219,cell-based format,CC1=CC[C@@H]2[C@@]3(C)[C@@H](O)CC(=O)OC(C)(C)[C@@H]3CC[C@@]2(C)[C@]12Cc1c(c(C)c(C)oc1=O)O2,Outside typical range,"Values for this activity type are unusually large/small, so may not be accurate",CHEMBL3739334,J Nat Prod,2015,,CHEMBL3741111,,CHEMBL3741111,,0,http://www.openphacts.org/units/Nanomolar,2738605,>,1,1,>,,EC50,nM,,300000.0,CHEMBL2487,Homo sapiens,Amyloid-beta A4 protein,9606,,,EC50,uM,UO_0000065,,300.0
,,16396344,[],CHEMBL3745109,Inhibition of amyloid beta (25 to 35 residues) (unknown origin) aggregate-induced toxicity in rat PC12 cells preincubated for 1 hr followed by amyloid beta challenge measured after 24 hrs by MTT assay,B,,,BAO_0000188,BAO_0000219,cell-based format,C[C@H]1CN2C[C@]34C[C@@]5(C(=O)Nc6c5ccc5c6C=CC(C)(C)O5)C(C)(C)[C@@H]3C[C@@]2(C1)C(=O)N4C,Outside typical range,"Values for this activity type are unusually large/small, so may not be accurate",CHEMBL3739334,J Nat Prod,2015,,CHEMBL3741300,,CHEMBL3741300,,0,http://www.openphacts.org/units/Nanomolar,2738604,>,1,1,>,,EC50,nM,,300000.0,CHEMBL2487,Homo sapiens,Amyloid-beta A4 protein,9606,,,EC50,uM,UO_0000065,,300.0
,,16396345,[],CHEMBL3745109,Inhibition of amyloid beta (25 to 35 residues) (unknown origin) aggregate-induced toxicity in rat PC12 cells preincubated for 1 hr followed by amyloid beta challenge measured after 24 hrs by MTT assay,B,,,BAO_0000188,BAO_0000219,cell-based format,C[C@H]1CN2C[C@]34C[C@@]5(C(=O)Nc6c5ccc5c6OC=CC(C)(C)O5)C(C)(C)[C@@H]3C[C@@]2(C1)C(=O)N4C,Outside typical range,"Values for this activity type are unusually large/small, so may not be accurate",CHEMBL3739334,J Nat Prod,2015,,CHEMBL3739748,,CHEMBL3739748,,0,http://www.openphacts.org/units/Nanomolar,2738603,>,1,1,>,,EC50,nM,,300000.0,CHEMBL2487,Homo sapiens,Amyloid-beta A4 protein,9606,,,EC50,uM,UO_0000065,,300.0
,,16396346,[],CHEMBL3745109,Inhibition of amyloid beta (25 to 35 residues) (unknown origin) aggregate-induced toxicity in rat PC12 cells preincubated for 1 hr followed by amyloid beta challenge measured after 24 hrs by MTT assay,B,,,BAO_0000188,BAO_0000219,cell-based format,C[C@@H]1C[C@@]23C[C@H]4C(C)(C)[C@@]5(C[C@]4(CN2C1=O)NC3=O)C(=O)Nc1c5ccc2c1C=CC(C)(C)O2,Outside typical range,"Values for this activity type are unusually large/small, so may not be accurate",CHEMBL3739334,J Nat Prod,2015,,CHEMBL3740785,,CHEMBL3740785,,0,http://www.openphacts.org/units/Nanomolar,2738602,>,1,1,>,,EC50,nM,,300000.0,CHEMBL2487,Homo sapiens,Amyloid-beta A4 protein,9606,,,EC50,uM,UO_0000065,,300.0
,,16396347,[],CHEMBL3745109,Inhibition of amyloid beta (25 to 35 residues) (unknown origin) aggregate-induced toxicity in rat PC12 cells preincubated for 1 hr followed by amyloid beta challenge measured after 24 hrs by MTT assay,B,,,BAO_0000188,BAO_0000219,cell-based format,C[C@@H]1C[C@@]23C[C@H]4C(C)(C)[C@@]5(C[C@]4(CN2C1=O)NC3=O)C(=O)Nc1c5ccc2c1OC=CC(C)(C)O2,Outside typical range,"Values for this activity type are unusually large/small, so may not be accurate",CHEMBL3739334,J Nat Prod,2015,,CHEMBL3741682,,CHEMBL3741682,,0,http://www.openphacts.org/units/Nanomolar,2738601,>,1,1,>,,EC50,nM,,300000.0,CHEMBL2487,Homo sapiens,Amyloid-beta A4 protein,9606,,,EC50,uM,UO_0000065,,300.0
,,16396348,[],CHEMBL3745109,Inhibition of amyloid beta (25 to 35 residues) (unknown origin) aggregate-induced toxicity in rat PC12 cells preincubated for 1 hr followed by amyloid beta challenge measured after 24 hrs by MTT assay,B,,,BAO_0000188,BAO_0000219,cell-based format,C[C@@H]1C[C@@]23C[C@H]4C(C)(C)[C@@]5(C[C@]4(CN2C1=O)N(C)C3=O)C(=O)Nc1c5ccc2c1C=CC(C)(C)O2,Outside typical range,"Values for this activity type are unusually large/small, so may not be accurate",CHEMBL3739334,J Nat Prod,2015,,CHEMBL3742121,,CHEMBL3742121,,0,http://www.openphacts.org/units/Nanomolar,2738600,>,1,1,>,,EC50,nM,,300000.0,CHEMBL2487,Homo sapiens,Amyloid-beta A4 protein,9606,,,EC50,uM,UO_0000065,,300.0
,,16396349,[],CHEMBL3745109,Inhibition of amyloid beta (25 to 35 residues) (unknown origin) aggregate-induced toxicity in rat PC12 cells preincubated for 1 hr followed by amyloid beta challenge measured after 24 hrs by MTT assay,B,,,BAO_0000188,BAO_0000219,cell-based format,C[C@@H]1C[C@@]23C[C@H]4C(C)(C)[C@@]5(C[C@]4(CN2C1=O)N(C)C3=O)C(=O)Nc1cc2c(cc15)OC(C)(C)C=CO2,Outside typical range,"Values for this activity type are unusually large/small, so may not be accurate",CHEMBL3739334,J Nat Prod,2015,,CHEMBL3741529,,CHEMBL3741529,,0,http://www.openphacts.org/units/Nanomolar,2738599,>,1,1,>,,EC50,nM,,300000.0,CHEMBL2487,Homo sapiens,Amyloid-beta A4 protein,9606,,,EC50,uM,UO_0000065,,300.0
,,16396358,[],CHEMBL3742729,Inhibition of amyloid beta (1 to 42 residues) (unknown origin) aggregate-induced toxicity in rat PC12 cells assessed as cell viability at 4 to 100 ug/ml pre-incubated for 24 hrs with Abeta ( 1 to 42) followed by compound-Abeta (1 to 42) mixture addition to cells and measured after 24 hrs by MTT assay,B,,,BAO_0000188,BAO_0000219,cell-based format,C[C@@H]1C[C@@]23C[C@H]4C(C)(C)[C@@]5(C[C@]4(CN2C1=O)NC3=O)C(=O)Nc1c5ccc2c1C=CC(C)(C)O2,,,CHEMBL3739334,J Nat Prod,2015,"{'bei': '8.69', 'le': '0.16', 'lle': '1.02', 'sei': '4.57'}",CHEMBL3740785,,CHEMBL3740785,4.01,0,http://www.openphacts.org/units/Nanomolar,2738602,=,1,1,=,,EC50,nM,,97900.0,CHEMBL2487,Homo sapiens,Amyloid-beta A4 protein,9606,,,EC50,uM,UO_0000065,,97.9
,,16396359,[],CHEMBL3742729,Inhibition of amyloid beta (1 to 42 residues) (unknown origin) aggregate-induced toxicity in rat PC12 cells assessed as cell viability at 4 to 100 ug/ml pre-incubated for 24 hrs with Abeta ( 1 to 42) followed by compound-Abeta (1 to 42) mixture addition to cells and measured after 24 hrs by MTT assay,B,,,BAO_0000188,BAO_0000219,cell-based format,C[C@H]1CN2C[C@]34C[C@@]5(C(=O)Nc6c5ccc5c6OC=CC(C)(C)O5)C(C)(C)[C@@H]3C[C@@]2(C1)C(=O)N4C,Outside typical range,"Values for this activity type are unusually large/small, so may not be accurate",CHEMBL3739334,J Nat Prod,2015,,CHEMBL3739748,,CHEMBL3739748,,0,http://www.openphacts.org/units/Nanomolar,2738603,=,1,1,=,,EC50,nM,,105200.0,CHEMBL2487,Homo sapiens,Amyloid-beta A4 protein,9606,,,EC50,uM,UO_0000065,,105.2
,,16396360,[],CHEMBL3742729,Inhibition of amyloid beta (1 to 42 residues) (unknown origin) aggregate-induced toxicity in rat PC12 cells assessed as cell viability at 4 to 100 ug/ml pre-incubated for 24 hrs with Abeta ( 1 to 42) followed by compound-Abeta (1 to 42) mixture addition to cells and measured after 24 hrs by MTT assay,B,,,BAO_0000188,BAO_0000219,cell-based format,CN1C(=O)[C@@]23CCC(=O)N2C[C@@]12C[C@@]1(C(=O)Nc4c1ccc1c4C=CC(C)(C)O1)C(C)(C)[C@@H]2C3,,,CHEMBL3739334,J Nat Prod,2015,"{'bei': '8.77', 'le': '0.16', 'lle': '0.97', 'sei': '5.13'}",CHEMBL3740688,,CHEMBL3740688,4.05,0,http://www.openphacts.org/units/Nanomolar,2738607,=,1,1,=,,EC50,nM,,89900.0,CHEMBL2487,Homo sapiens,Amyloid-beta A4 protein,9606,,,EC50,uM,UO_0000065,,89.9
,,16396361,[],CHEMBL3742729,Inhibition of amyloid beta (1 to 42 residues) (unknown origin) aggregate-induced toxicity in rat PC12 cells assessed as cell viability at 4 to 100 ug/ml pre-incubated for 24 hrs with Abeta ( 1 to 42) followed by compound-Abeta (1 to 42) mixture addition to cells and measured after 24 hrs by MTT assay,B,,,BAO_0000188,BAO_0000219,cell-based format,O=C(/C=C/c1ccc(O)c(O)c1)O[C@H](Cc1ccc(O)c(O)c1)C(=O)O,,,CHEMBL3739334,J Nat Prod,2015,"{'bei': '11.77', 'le': '0.22', 'lle': '2.48', 'sei': '2.94'}",CHEMBL324842,ROSMARINIC ACID,CHEMBL324842,4.24,0,http://www.openphacts.org/units/Nanomolar,2738610,=,1,1,=,,EC50,nM,,57200.0,CHEMBL2487,Homo sapiens,Amyloid-beta A4 protein,9606,,,EC50,uM,UO_0000065,,57.2
,,18311480,[],CHEMBL4132211,Inhibition of QD-labeled amyloid beta (1 to 42) (unknown origin) aggregation after 24 hrs by inverted fluorescence microscopic method,B,,,BAO_0000188,BAO_0000357,single protein format,CCCCCNC(=O)/C=C/c1ccc(O)c(O)c1,,,CHEMBL4130369,Eur J Med Chem,2017,"{'bei': '19.83', 'le': '0.38', 'lle': '2.52', 'sei': '7.11'}",CHEMBL4162671,,CHEMBL4162671,4.94,0,http://www.openphacts.org/units/Nanomolar,3039795,=,1,1,=,,EC50,nM,,11400.0,CHEMBL2487,Homo sapiens,Amyloid-beta A4 protein,9606,,,EC50,uM,UO_0000065,,11.4
,,18311481,[],CHEMBL4132211,Inhibition of QD-labeled amyloid beta (1 to 42) (unknown origin) aggregation after 24 hrs by inverted fluorescence microscopic method,B,,,BAO_0000188,BAO_0000357,single protein format,O=C(/C=C/c1ccc(O)c(O)c1)NCCc1ccc(O)c(O)c1,,,CHEMBL4130369,Eur J Med Chem,2017,"{'bei': '13.20', 'le': '0.25', 'lle': '2.28', 'sei': '3.78'}",CHEMBL68132,,CHEMBL68132,4.16,0,http://www.openphacts.org/units/Nanomolar,3039794,=,1,1,=,,EC50,nM,,69000.0,CHEMBL2487,Homo sapiens,Amyloid-beta A4 protein,9606,,,EC50,uM,UO_0000065,,69.0
,,18311482,[],CHEMBL4132211,Inhibition of QD-labeled amyloid beta (1 to 42) (unknown origin) aggregation after 24 hrs by inverted fluorescence microscopic method,B,,,BAO_0000188,BAO_0000357,single protein format,CCCCCCC(=O)/C=C/c1ccc(O)c(O)c1,,,CHEMBL4130369,Eur J Med Chem,2017,"{'bei': '22.35', 'le': '0.42', 'lle': '1.90', 'sei': '9.65'}",CHEMBL4165903,,CHEMBL4165903,5.55,0,http://www.openphacts.org/units/Nanomolar,3039793,=,1,1,=,,EC50,nM,,2820.0,CHEMBL2487,Homo sapiens,Amyloid-beta A4 protein,9606,,,EC50,uM,UO_0000065,,2.82
,,18311483,[],CHEMBL4132211,Inhibition of QD-labeled amyloid beta (1 to 42) (unknown origin) aggregation after 24 hrs by inverted fluorescence microscopic method,B,,,BAO_0000188,BAO_0000357,single protein format,O=C(/C=C/c1ccc(O)c(O)c1)OCCCCCCO,,,CHEMBL4130369,Eur J Med Chem,2017,"{'bei': '15.20', 'le': '0.29', 'lle': '2.05', 'sei': '4.90'}",CHEMBL4159496,,CHEMBL4159496,4.26,0,http://www.openphacts.org/units/Nanomolar,3039792,=,1,1,=,,EC50,nM,,54800.0,CHEMBL2487,Homo sapiens,Amyloid-beta A4 protein,9606,,,EC50,uM,UO_0000065,,54.8
,,18311484,[],CHEMBL4132211,Inhibition of QD-labeled amyloid beta (1 to 42) (unknown origin) aggregation after 24 hrs by inverted fluorescence microscopic method,B,,,BAO_0000188,BAO_0000357,single protein format,O=C(/C=C/c1ccc(O)c(O)c1)OCCCCCO,,,CHEMBL4130369,Eur J Med Chem,2017,"{'bei': '15.38', 'le': '0.29', 'lle': '2.28', 'sei': '4.71'}",CHEMBL4167402,,CHEMBL4167402,4.10,0,http://www.openphacts.org/units/Nanomolar,3039791,=,1,1,=,,EC50,nM,,80100.0,CHEMBL2487,Homo sapiens,Amyloid-beta A4 protein,9606,,,EC50,uM,UO_0000065,,80.1
,,18311485,[],CHEMBL4132211,Inhibition of QD-labeled amyloid beta (1 to 42) (unknown origin) aggregation after 24 hrs by inverted fluorescence microscopic method,B,,,BAO_0000188,BAO_0000357,single protein format,CCCCCCCCCOC(=O)/C=C/c1ccc(O)c(O)c1,,,CHEMBL4130369,Eur J Med Chem,2017,"{'bei': '16.39', 'le': '0.31', 'lle': '0.62', 'sei': '7.52'}",CHEMBL496492,,CHEMBL496492,5.02,0,http://www.openphacts.org/units/Nanomolar,3039790,=,1,1,=,,EC50,nM,,9520.0,CHEMBL2487,Homo sapiens,Amyloid-beta A4 protein,9606,,,EC50,uM,UO_0000065,,9.52
,,18311486,[],CHEMBL4132211,Inhibition of QD-labeled amyloid beta (1 to 42) (unknown origin) aggregation after 24 hrs by inverted fluorescence microscopic method,B,,,BAO_0000188,BAO_0000357,single protein format,CCCCCCCOC(=O)/C=C/c1ccc(O)c(O)c1,,,CHEMBL4130369,Eur J Med Chem,2017,"{'bei': '17.90', 'le': '0.34', 'lle': '1.36', 'sei': '7.46'}",CHEMBL118111,,CHEMBL118111,4.98,0,http://www.openphacts.org/units/Nanomolar,3039789,=,1,1,=,,EC50,nM,,10400.0,CHEMBL2487,Homo sapiens,Amyloid-beta A4 protein,9606,,,EC50,uM,UO_0000065,,10.4
,,18311487,[],CHEMBL4132211,Inhibition of QD-labeled amyloid beta (1 to 42) (unknown origin) aggregation after 24 hrs by inverted fluorescence microscopic method,B,,,BAO_0000188,BAO_0000357,single protein format,CCCCCCOC(=O)/C=C/c1ccc(O)c(O)c1,,,CHEMBL4130369,Eur J Med Chem,2017,"{'bei': '20.01', 'le': '0.38', 'lle': '2.06', 'sei': '7.92'}",CHEMBL496662,HEXYLCAFFEATE,CHEMBL496662,5.29,0,http://www.openphacts.org/units/Nanomolar,3039788,=,1,1,=,,EC50,nM,,5130.0,CHEMBL2487,Homo sapiens,Amyloid-beta A4 protein,9606,,,EC50,uM,UO_0000065,,5.13
,,18311488,[],CHEMBL4132211,Inhibition of QD-labeled amyloid beta (1 to 42) (unknown origin) aggregation after 24 hrs by inverted fluorescence microscopic method,B,,,BAO_0000188,BAO_0000357,single protein format,CCCCCOC(=O)/C=C/c1ccc(O)c(O)c1,,,CHEMBL4130369,Eur J Med Chem,2017,"{'bei': '22.33', 'le': '0.42', 'lle': '2.75', 'sei': '8.37'}",CHEMBL2088769,,CHEMBL2088769,5.59,0,http://www.openphacts.org/units/Nanomolar,3039787,=,1,1,=,,EC50,nM,,2580.0,CHEMBL2487,Homo sapiens,Amyloid-beta A4 protein,9606,,,EC50,uM,UO_0000065,,2.58
,,18311489,[],CHEMBL4132211,Inhibition of QD-labeled amyloid beta (1 to 42) (unknown origin) aggregation after 24 hrs by inverted fluorescence microscopic method,B,,,BAO_0000188,BAO_0000357,single protein format,CCCCOC(=O)/C=C/c1ccc(O)c(O)c1,,,CHEMBL4130369,Eur J Med Chem,2017,"{'bei': '20.83', 'le': '0.40', 'lle': '2.47', 'sei': '7.37'}",CHEMBL29489,BUTYL CAFFEATE,CHEMBL29489,4.92,0,http://www.openphacts.org/units/Nanomolar,3039786,=,1,1,=,,EC50,nM,,12000.0,CHEMBL2487,Homo sapiens,Amyloid-beta A4 protein,9606,,,EC50,uM,UO_0000065,,12.0
,,18311490,[],CHEMBL4132211,Inhibition of QD-labeled amyloid beta (1 to 42) (unknown origin) aggregation after 24 hrs by inverted fluorescence microscopic method,B,,,BAO_0000188,BAO_0000357,single protein format,CCCOC(=O)/C=C/c1ccc(O)c(O)c1,,,CHEMBL4130369,Eur J Med Chem,2017,"{'bei': '20.73', 'le': '0.39', 'lle': '2.55', 'sei': '6.90'}",CHEMBL17362,,CHEMBL17362,4.61,0,http://www.openphacts.org/units/Nanomolar,3039785,=,1,1,=,,EC50,nM,,24700.0,CHEMBL2487,Homo sapiens,Amyloid-beta A4 protein,9606,,,EC50,uM,UO_0000065,,24.7
,,18311491,[],CHEMBL4132211,Inhibition of QD-labeled amyloid beta (1 to 42) (unknown origin) aggregation after 24 hrs by inverted fluorescence microscopic method,B,,,BAO_0000188,BAO_0000357,single protein format,C=CCOC(=O)/C=C/c1ccc(O)c(O)c1,,,CHEMBL4130369,Eur J Med Chem,2017,"{'bei': '21.04', 'le': '0.40', 'lle': '2.79', 'sei': '6.94'}",CHEMBL481891,,CHEMBL481891,4.63,0,http://www.openphacts.org/units/Nanomolar,3039784,=,1,1,=,,EC50,nM,,23200.0,CHEMBL2487,Homo sapiens,Amyloid-beta A4 protein,9606,,,EC50,uM,UO_0000065,,23.2
,,18311492,[],CHEMBL4132211,Inhibition of QD-labeled amyloid beta (1 to 42) (unknown origin) aggregation after 24 hrs by inverted fluorescence microscopic method,B,,,BAO_0000188,BAO_0000357,single protein format,COc1ccc(CCOC(=O)CCc2ccccc2)cc1OC,Outside typical range,"Values for this activity type are unusually large/small, so may not be accurate",CHEMBL4130369,Eur J Med Chem,2017,,CHEMBL4166279,,CHEMBL4166279,,0,http://www.openphacts.org/units/Nanomolar,3039783,=,1,1,=,,EC50,nM,,274000.0,CHEMBL2487,Homo sapiens,Amyloid-beta A4 protein,9606,,,EC50,uM,UO_0000065,,274.0
,,18311493,[],CHEMBL4132211,Inhibition of QD-labeled amyloid beta (1 to 42) (unknown origin) aggregation after 24 hrs by inverted fluorescence microscopic method,B,,,BAO_0000188,BAO_0000357,single protein format,O=C(CCc1ccc(O)c(O)c1)OCCc1ccc(O)c(O)c1,,,CHEMBL4130369,Eur J Med Chem,2017,"{'bei': '15.16', 'le': '0.29', 'lle': '2.60', 'sei': '4.50'}",CHEMBL3357165,,CHEMBL3357165,4.83,0,http://www.openphacts.org/units/Nanomolar,3039782,=,1,1,=,,EC50,nM,,14900.0,CHEMBL2487,Homo sapiens,Amyloid-beta A4 protein,9606,,,EC50,uM,UO_0000065,,14.9
,,18311494,[],CHEMBL4132211,Inhibition of QD-labeled amyloid beta (1 to 42) (unknown origin) aggregation after 24 hrs by inverted fluorescence microscopic method,B,,,BAO_0000188,BAO_0000357,single protein format,O=C(CCc1ccccc1)OCCc1ccc(O)c(O)c1,,,CHEMBL4130369,Eur J Med Chem,2017,"{'bei': '18.25', 'le': '0.34', 'lle': '2.41', 'sei': '7.83'}",CHEMBL4176478,,CHEMBL4176478,5.23,0,http://www.openphacts.org/units/Nanomolar,3039781,=,1,1,=,,EC50,nM,,5930.0,CHEMBL2487,Homo sapiens,Amyloid-beta A4 protein,9606,,,EC50,uM,UO_0000065,,5.93
,,18311495,[],CHEMBL4132211,Inhibition of QD-labeled amyloid beta (1 to 42) (unknown origin) aggregation after 24 hrs by inverted fluorescence microscopic method,B,,,BAO_0000188,BAO_0000357,single protein format,O=C(CCc1ccccc1)OCCc1ccccc1,Outside typical range,"Values for this activity type are unusually large/small, so may not be accurate",CHEMBL4130369,Eur J Med Chem,2017,,CHEMBL4162421,,CHEMBL4162421,,0,http://www.openphacts.org/units/Nanomolar,3039780,=,1,1,=,,EC50,nM,,4536000.0,CHEMBL2487,Homo sapiens,Amyloid-beta A4 protein,9606,,,EC50,uM,UO_0000065,,4536.0
,,18311496,[],CHEMBL4132211,Inhibition of QD-labeled amyloid beta (1 to 42) (unknown origin) aggregation after 24 hrs by inverted fluorescence microscopic method,B,,,BAO_0000188,BAO_0000357,single protein format,O=C(/C=C/c1ccc(O)c(O)c1)OCCc1ccccc1,,,CHEMBL4130369,Eur J Med Chem,2017,"{'bei': '17.85', 'le': '0.33', 'lle': '2.18', 'sei': '7.60'}",CHEMBL319244,CAFFEIC ACID PHENETHYL ESTER,CHEMBL319244,5.08,0,http://www.openphacts.org/units/Nanomolar,3039779,=,1,1,=,,EC50,nM,,8410.0,CHEMBL2487,Homo sapiens,Amyloid-beta A4 protein,9606,,,EC50,uM,UO_0000065,,8.41
,,18311497,[],CHEMBL4132211,Inhibition of QD-labeled amyloid beta (1 to 42) (unknown origin) aggregation after 24 hrs by inverted fluorescence microscopic method,B,,,BAO_0000188,BAO_0000357,single protein format,O=C(/C=C/c1ccc(O)c(O)c1)OCCc1ccc(O)c(O)c1,,,CHEMBL4130369,Eur J Med Chem,2017,"{'bei': '14.82', 'le': '0.28', 'lle': '2.38', 'sei': '4.37'}",CHEMBL1088583,,CHEMBL1088583,4.69,0,http://www.openphacts.org/units/Nanomolar,3039778,=,1,1,=,,EC50,nM,,20600.0,CHEMBL2487,Homo sapiens,Amyloid-beta A4 protein,9606,,,EC50,uM,UO_0000065,,20.6
,,18311498,[],CHEMBL4132211,Inhibition of QD-labeled amyloid beta (1 to 42) (unknown origin) aggregation after 24 hrs by inverted fluorescence microscopic method,B,,,BAO_0000188,BAO_0000357,single protein format,COc1ccc(CCOC(=O)/C=C/c2ccc(O)c(O)c2)cc1OC,,,CHEMBL4130369,Eur J Med Chem,2017,"{'bei': '12.79', 'le': '0.24', 'lle': '1.49', 'sei': '5.17'}",CHEMBL4164790,,CHEMBL4164790,4.40,0,http://www.openphacts.org/units/Nanomolar,3039777,=,1,1,=,,EC50,nM,,39500.0,CHEMBL2487,Homo sapiens,Amyloid-beta A4 protein,9606,,,EC50,uM,UO_0000065,,39.5
,,18311499,[],CHEMBL4132211,Inhibition of QD-labeled amyloid beta (1 to 42) (unknown origin) aggregation after 24 hrs by inverted fluorescence microscopic method,B,,,BAO_0000188,BAO_0000357,single protein format,O=C(/C=C/c1ccccc1)OCCc1ccc(O)c(O)c1,,,CHEMBL4130369,Eur J Med Chem,2017,"{'bei': '17.94', 'le': '0.33', 'lle': '2.20', 'sei': '7.64'}",CHEMBL4169299,,CHEMBL4169299,5.10,0,http://www.openphacts.org/units/Nanomolar,3039776,=,1,1,=,,EC50,nM,,7950.0,CHEMBL2487,Homo sapiens,Amyloid-beta A4 protein,9606,,,EC50,uM,UO_0000065,,7.95
,,18311500,[],CHEMBL4132211,Inhibition of QD-labeled amyloid beta (1 to 42) (unknown origin) aggregation after 24 hrs by inverted fluorescence microscopic method,B,,,BAO_0000188,BAO_0000357,single protein format,O=C(/C=C/c1ccccc1)OCCc1ccccc1,Outside typical range,"Values for this activity type are unusually large/small, so may not be accurate",CHEMBL4130369,Eur J Med Chem,2017,,CHEMBL493921,PHENETHYL CINNAMATE,CHEMBL493921,,0,http://www.openphacts.org/units/Nanomolar,3039775,=,1,1,=,,EC50,nM,,1040000.0,CHEMBL2487,Homo sapiens,Amyloid-beta A4 protein,9606,,,EC50,uM,UO_0000065,,1040.0
,,18311501,[],CHEMBL4132211,Inhibition of QD-labeled amyloid beta (1 to 42) (unknown origin) aggregation after 24 hrs by inverted fluorescence microscopic method,B,,,BAO_0000188,BAO_0000357,single protein format,COC(=O)/C=C/c1ccc(O)c(O)c1,,,CHEMBL4130369,Eur J Med Chem,2017,"{'bei': '21.47', 'le': '0.41', 'lle': '2.89', 'sei': '6.25'}",CHEMBL17001,METHYLCAFFEATE,CHEMBL17001,4.17,0,http://www.openphacts.org/units/Nanomolar,3039774,=,1,1,=,,EC50,nM,,67700.0,CHEMBL2487,Homo sapiens,Amyloid-beta A4 protein,9606,,,EC50,uM,UO_0000065,,67.7
,,18311502,[],CHEMBL4132211,Inhibition of QD-labeled amyloid beta (1 to 42) (unknown origin) aggregation after 24 hrs by inverted fluorescence microscopic method,B,,,BAO_0000188,BAO_0000357,single protein format,O=C(O)/C=C/c1ccc(O)c(O)c1,Outside typical range,"Values for this activity type are unusually large/small, so may not be accurate",CHEMBL4130369,Eur J Med Chem,2017,,CHEMBL145,CAFFEIC ACID,CHEMBL145,,0,http://www.openphacts.org/units/Nanomolar,3039773,=,1,1,=,,EC50,nM,,216000.0,CHEMBL2487,Homo sapiens,Amyloid-beta A4 protein,9606,,,EC50,uM,UO_0000065,,216.0
,,18311503,[],CHEMBL4132211,Inhibition of QD-labeled amyloid beta (1 to 42) (unknown origin) aggregation after 24 hrs by inverted fluorescence microscopic method,B,,,BAO_0000188,BAO_0000357,single protein format,NC(=O)C(Cc1ccc(O)c(O)c1)OC(=O)/C=C/c1ccc(O)c(O)c1,,,CHEMBL4130369,Eur J Med Chem,2017,"{'bei': '12.97', 'le': '0.24', 'lle': '3.50', 'sei': '3.10'}",CHEMBL4170161,,CHEMBL4170161,4.66,0,http://www.openphacts.org/units/Nanomolar,3039772,=,1,1,=,,EC50,nM,,21900.0,CHEMBL2487,Homo sapiens,Amyloid-beta A4 protein,9606,,,EC50,uM,UO_0000065,,21.9
,,18311504,[],CHEMBL4132211,Inhibition of QD-labeled amyloid beta (1 to 42) (unknown origin) aggregation after 24 hrs by inverted fluorescence microscopic method,B,,,BAO_0000188,BAO_0000357,single protein format,O=C(/C=C/c1ccc(O)c(O)c1)O[C@H](Cc1ccc(O)c(O)c1)C(=O)O,,,CHEMBL4130369,Eur J Med Chem,2017,"{'bei': '13.02', 'le': '0.25', 'lle': '2.93', 'sei': '3.25'}",CHEMBL324842,ROSMARINIC ACID,CHEMBL324842,4.69,0,http://www.openphacts.org/units/Nanomolar,3039771,=,1,1,=,,EC50,nM,,20300.0,CHEMBL2487,Homo sapiens,Amyloid-beta A4 protein,9606,,,EC50,uM,UO_0000065,,20.3
,,19174657,[],CHEMBL4385758,Inhibition of self-induced amyloid beta (1 to 42) (unknown origin) aggregation,B,,,BAO_0000188,BAO_0000357,single protein format,Cc1ccc2c(c1)c1c(n2CCc2ccc(C)nc2)CCN(C)C1,Outside typical range,"Values for this activity type are unusually large/small, so may not be accurate",CHEMBL4385595,Eur J Med Chem,2019,,CHEMBL589390,LATREPIRDINE,CHEMBL589390,,0,http://www.openphacts.org/units/Nanomolar,3200217,=,1,1,=,,EC50,nM,,25000000.0,CHEMBL2487,Homo sapiens,Amyloid-beta A4 protein,9606,,,EC50,mM,UO_0000065,,25.0
"{'action_type': 'MODULATOR', 'description': 'Effects the normal functioning of a protein in some way e.g., mixed agonist/antagonist or unclear whether action is positive or negative', 'parent_type': 'OTHER'}",,24776287,[],CHEMBL5128159,Modulation of amyloid beta 42 in human H4 cells expressing APP751 incubated overnight by ELISA,B,,,BAO_0000188,BAO_0000219,cell-based format,COc1nc(C2=NOC[C@H](c3cc4ccccc4o3)N2)ccc1-n1cnc(C)c1,,,CHEMBL5126536,Eur J Med Chem,2022,"{'bei': '19.15', 'le': '0.35', 'lle': '4.11', 'sei': '8.60'}",CHEMBL4101809,,CHEMBL4101809,7.46,0,http://www.openphacts.org/units/Nanomolar,3866556,=,1,1,=,,EC50,nM,,35.0,CHEMBL2487,Homo sapiens,Amyloid-beta A4 protein,9606,,,EC50,nM,UO_0000065,,35.0
"{'action_type': 'INHIBITOR', 'description': 'Negatively effects (inhibits) the normal functioning of the protein e.g., prevention of enzymatic reaction or activation of downstream pathway', 'parent_type': 'NEGATIVE MODULATOR'}",,24780114,"[{'comments': None, 'relation': '=', 'result_flag': 0, 'standard_relation': '=', 'standard_text_value': None, 'standard_type': 'TIME', 'standard_units': 'hr', 'standard_value': '24.0', 'text_value': None, 'type': 'Time', 'units': 'hrs', 'value': '24.0'}]",CHEMBL5129303,Inhibition of amyloid beta 1 to 42 aggregation (unknown origin) incubated for 24 hrs by inverted fluorescence microscopic analysis,B,,,BAO_0000188,BAO_0000357,single protein format,O=C(O)c1cc(O)c(O)c(O)c1,,,CHEMBL5126586,Bioorg Med Chem,2022,,CHEMBL288114,GALLIC ACID,CHEMBL288114,,0,http://www.openphacts.org/units/MicrogramPerMilliliter,3867823,=,1,1,=,,EC50,ug.mL-1,,3.2,CHEMBL2487,Homo sapiens,Amyloid-beta A4 protein,9606,,,EC50,ug ml-1,UO_0000274,,3.2
"{'action_type': 'INHIBITOR', 'description': 'Negatively effects (inhibits) the normal functioning of the protein e.g., prevention of enzymatic reaction or activation of downstream pathway', 'parent_type': 'NEGATIVE MODULATOR'}",,24780115,"[{'comments': None, 'relation': '=', 'result_flag': 0, 'standard_relation': '=', 'standard_text_value': None, 'standard_type': 'TIME', 'standard_units': 'hr', 'standard_value': '24.0', 'text_value': None, 'type': 'Time', 'units': 'hrs', 'value': '24.0'}]",CHEMBL5129303,Inhibition of amyloid beta 1 to 42 aggregation (unknown origin) incubated for 24 hrs by inverted fluorescence microscopic analysis,B,,,BAO_0000188,BAO_0000357,single protein format,O=c1oc2c(O)c(O)cc3c(=O)oc4c(O)c(O)cc1c4c23,,,CHEMBL5126586,Bioorg Med Chem,2022,,CHEMBL6246,ELLAGIC ACID,CHEMBL6246,,0,,3867824,=,1,0,=,,EC50,10^2 ug/ml,,1.7,CHEMBL2487,Homo sapiens,Amyloid-beta A4 protein,9606,,,EC50,10^2 ug/ml,,,1.7
"{'action_type': 'INHIBITOR', 'description': 'Negatively effects (inhibits) the normal functioning of the protein e.g., prevention of enzymatic reaction or activation of downstream pathway', 'parent_type': 'NEGATIVE MODULATOR'}",,24780116,"[{'comments': None, 'relation': '=', 'result_flag': 0, 'standard_relation': '=', 'standard_text_value': None, 'standard_type': 'TIME', 'standard_units': 'hr', 'standard_value': '24.0', 'text_value': None, 'type': 'Time', 'units': 'hrs', 'value': '24.0'}]",CHEMBL5129303,Inhibition of amyloid beta 1 to 42 aggregation (unknown origin) incubated for 24 hrs by inverted fluorescence microscopic analysis,B,,,BAO_0000188,BAO_0000357,single protein format,O=C(O)c1cc(O)c(O)c(O)c1-c1c(C(=O)O)cc(O)c(O)c1O,,,CHEMBL5126586,Bioorg Med Chem,2022,,CHEMBL5179584,,CHEMBL5179584,,0,,3867825,=,1,0,=,,EC50,10^2 ug/ml,,1.9,CHEMBL2487,Homo sapiens,Amyloid-beta A4 protein,9606,,,EC50,10^2 ug/ml,,,1.9
"{'action_type': 'INHIBITOR', 'description': 'Negatively effects (inhibits) the normal functioning of the protein e.g., prevention of enzymatic reaction or activation of downstream pathway', 'parent_type': 'NEGATIVE MODULATOR'}",,24780117,"[{'comments': None, 'relation': '=', 'result_flag': 0, 'standard_relation': '=', 'standard_text_value': None, 'standard_type': 'TIME', 'standard_units': 'hr', 'standard_value': '24.0', 'text_value': None, 'type': 'Time', 'units': 'hrs', 'value': '24.0'}]",CHEMBL5129303,Inhibition of amyloid beta 1 to 42 aggregation (unknown origin) incubated for 24 hrs by inverted fluorescence microscopic analysis,B,,,BAO_0000188,BAO_0000357,single protein format,O=C(O[C@@H]1O[C@@H]2COC(=O)c3cc(O)c(O)c(O)c3-c3c(cc(O)c(O)c3O)C(=O)O[C@H]([C@H]1O)[C@@H]2O)c1cc(O)c(O)c(O)c1,,,CHEMBL5126586,Bioorg Med Chem,2022,,CHEMBL449392,CORILAGIN,CHEMBL449392,,0,http://www.openphacts.org/units/MicrogramPerMilliliter,3867826,=,1,1,=,,EC50,ug.mL-1,,3.2,CHEMBL2487,Homo sapiens,Amyloid-beta A4 protein,9606,,,EC50,ug ml-1,UO_0000274,,3.2
"{'action_type': 'INHIBITOR', 'description': 'Negatively effects (inhibits) the normal functioning of the protein e.g., prevention of enzymatic reaction or activation of downstream pathway', 'parent_type': 'NEGATIVE MODULATOR'}",,24780118,"[{'comments': None, 'relation': '=', 'result_flag': 0, 'standard_relation': '=', 'standard_text_value': None, 'standard_type': 'TIME', 'standard_units': 'hr', 'standard_value': '24.0', 'text_value': None, 'type': 'Time', 'units': 'hrs', 'value': '24.0'}]",CHEMBL5129303,Inhibition of amyloid beta 1 to 42 aggregation (unknown origin) incubated for 24 hrs by inverted fluorescence microscopic analysis,B,,,BAO_0000188,BAO_0000357,single protein format,O=C1O[C@H]2[C@@H]3OC(=O)c4cc(O)c(O)c(O)c4-c4c(cc(O)c(O)c4O)C(=O)OC[C@H]2O[C@@H](OC(=O)c2cc(O)c(O)c(O)c2)[C@@H]3OC(=O)c2cc(O)c(O)c3c2[C@@H]2C1=CC(=O)[C@](O)(O3)C2(O)O,,,CHEMBL5126586,Bioorg Med Chem,2022,,CHEMBL506069,GERANIIN,CHEMBL506069,,0,http://www.openphacts.org/units/MicrogramPerMilliliter,3867827,=,1,1,=,,EC50,ug.mL-1,,6.7,CHEMBL2487,Homo sapiens,Amyloid-beta A4 protein,9606,,,EC50,ug ml-1,UO_0000274,,6.7
"{'action_type': 'INHIBITOR', 'description': 'Negatively effects (inhibits) the normal functioning of the protein e.g., prevention of enzymatic reaction or activation of downstream pathway', 'parent_type': 'NEGATIVE MODULATOR'}",,24780123,"[{'comments': None, 'relation': '=', 'result_flag': 0, 'standard_relation': '=', 'standard_text_value': None, 'standard_type': 'TIME', 'standard_units': 'hr', 'standard_value': '24.0', 'text_value': None, 'type': 'Time', 'units': 'hrs', 'value': '24.0'}]",CHEMBL5129305,Inhibition of amyloid beta 1 to 42 aggregation (unknown origin) incubated for 24 hrs by ThT fluorescence assay,B,,,BAO_0000188,BAO_0000357,single protein format,O=C(O)c1cc(O)c(O)c(O)c1,,,CHEMBL5126586,Bioorg Med Chem,2022,,CHEMBL288114,GALLIC ACID,CHEMBL288114,,0,http://www.openphacts.org/units/MicrogramPerMilliliter,3867823,=,1,1,=,,EC50,ug.mL-1,,1.7,CHEMBL2487,Homo sapiens,Amyloid-beta A4 protein,9606,,,EC50,ug ml-1,UO_0000274,,1.7
"{'action_type': 'INHIBITOR', 'description': 'Negatively effects (inhibits) the normal functioning of the protein e.g., prevention of enzymatic reaction or activation of downstream pathway', 'parent_type': 'NEGATIVE MODULATOR'}",,24780124,"[{'comments': None, 'relation': '=', 'result_flag': 0, 'standard_relation': '=', 'standard_text_value': None, 'standard_type': 'TIME', 'standard_units': 'hr', 'standard_value': '24.0', 'text_value': None, 'type': 'Time', 'units': 'hrs', 'value': '24.0'}]",CHEMBL5129305,Inhibition of amyloid beta 1 to 42 aggregation (unknown origin) incubated for 24 hrs by ThT fluorescence assay,B,,,BAO_0000188,BAO_0000357,single protein format,O=c1oc2c(O)c(O)cc3c(=O)oc4c(O)c(O)cc1c4c23,,,CHEMBL5126586,Bioorg Med Chem,2022,,CHEMBL6246,ELLAGIC ACID,CHEMBL6246,,0,,3867824,=,1,0,=,,EC50,10^3ug/ml,,6.0,CHEMBL2487,Homo sapiens,Amyloid-beta A4 protein,9606,,,EC50,10^3ug/ml,,,6.0
"{'action_type': 'INHIBITOR', 'description': 'Negatively effects (inhibits) the normal functioning of the protein e.g., prevention of enzymatic reaction or activation of downstream pathway', 'parent_type': 'NEGATIVE MODULATOR'}",,24780125,"[{'comments': None, 'relation': '=', 'result_flag': 0, 'standard_relation': '=', 'standard_text_value': None, 'standard_type': 'TIME', 'standard_units': 'hr', 'standard_value': '24.0', 'text_value': None, 'type': 'Time', 'units': 'hrs', 'value': '24.0'}]",CHEMBL5129305,Inhibition of amyloid beta 1 to 42 aggregation (unknown origin) incubated for 24 hrs by ThT fluorescence assay,B,,,BAO_0000188,BAO_0000357,single protein format,O=C(O)c1cc(O)c(O)c(O)c1-c1c(C(=O)O)cc(O)c(O)c1O,,,CHEMBL5126586,Bioorg Med Chem,2022,,CHEMBL5179584,,CHEMBL5179584,,0,,3867825,=,1,0,=,,EC50,10^3ug/ml,,6.7,CHEMBL2487,Homo sapiens,Amyloid-beta A4 protein,9606,,,EC50,10^3ug/ml,,,6.7
"{'action_type': 'INHIBITOR', 'description': 'Negatively effects (inhibits) the normal functioning of the protein e.g., prevention of enzymatic reaction or activation of downstream pathway', 'parent_type': 'NEGATIVE MODULATOR'}",,24780126,"[{'comments': None, 'relation': '=', 'result_flag': 0, 'standard_relation': '=', 'standard_text_value': None, 'standard_type': 'TIME', 'standard_units': 'hr', 'standard_value': '24.0', 'text_value': None, 'type': 'Time', 'units': 'hrs', 'value': '24.0'}]",CHEMBL5129305,Inhibition of amyloid beta 1 to 42 aggregation (unknown origin) incubated for 24 hrs by ThT fluorescence assay,B,,,BAO_0000188,BAO_0000357,single protein format,O=C(O[C@@H]1O[C@@H]2COC(=O)c3cc(O)c(O)c(O)c3-c3c(cc(O)c(O)c3O)C(=O)O[C@H]([C@H]1O)[C@@H]2O)c1cc(O)c(O)c(O)c1,,,CHEMBL5126586,Bioorg Med Chem,2022,,CHEMBL449392,CORILAGIN,CHEMBL449392,,0,http://www.openphacts.org/units/MicrogramPerMilliliter,3867826,=,1,1,=,,EC50,ug.mL-1,,8.9,CHEMBL2487,Homo sapiens,Amyloid-beta A4 protein,9606,,,EC50,ug ml-1,UO_0000274,,8.9
"{'action_type': 'INHIBITOR', 'description': 'Negatively effects (inhibits) the normal functioning of the protein e.g., prevention of enzymatic reaction or activation of downstream pathway', 'parent_type': 'NEGATIVE MODULATOR'}",,24780127,"[{'comments': None, 'relation': '=', 'result_flag': 0, 'standard_relation': '=', 'standard_text_value': None, 'standard_type': 'TIME', 'standard_units': 'hr', 'standard_value': '24.0', 'text_value': None, 'type': 'Time', 'units': 'hrs', 'value': '24.0'}]",CHEMBL5129305,Inhibition of amyloid beta 1 to 42 aggregation (unknown origin) incubated for 24 hrs by ThT fluorescence assay,B,,,BAO_0000188,BAO_0000357,single protein format,O=C1O[C@H]2[C@@H]3OC(=O)c4cc(O)c(O)c(O)c4-c4c(cc(O)c(O)c4O)C(=O)OC[C@H]2O[C@@H](OC(=O)c2cc(O)c(O)c(O)c2)[C@@H]3OC(=O)c2cc(O)c(O)c3c2[C@@H]2C1=CC(=O)[C@](O)(O3)C2(O)O,,,CHEMBL5126586,Bioorg Med Chem,2022,,CHEMBL506069,GERANIIN,CHEMBL506069,,0,http://www.openphacts.org/units/MicrogramPerMilliliter,3867827,=,1,1,=,,EC50,ug.mL-1,,10.0,CHEMBL2487,Homo sapiens,Amyloid-beta A4 protein,9606,,,EC50,ug ml-1,UO_0000274,,10.0
"{'action_type': 'INHIBITOR', 'description': 'Negatively effects (inhibits) the normal functioning of the protein e.g., prevention of enzymatic reaction or activation of downstream pathway', 'parent_type': 'NEGATIVE MODULATOR'}",,25011084,[],CHEMBL5236698,Inhibition of amyloid beta 42 in human HEK293 cells,B,,,BAO_0000188,BAO_0000219,cell-based format,CC(C)CC(C(=O)O)c1cc(Cl)c(OCC2CC2)c(-c2ccc3nonc3c2)c1,,,CHEMBL5236544,J Med Chem,2021,"{'bei': '15.83', 'le': '0.31', 'lle': '1.02', 'sei': '7.69'}",CHEMBL2151086,,CHEMBL2151086,6.57,0,http://www.openphacts.org/units/Nanomolar,3914544,=,1,1,=,,EC50,nM,,270.0,CHEMBL2487,Homo sapiens,Amyloid-beta A4 protein,9606,,,EC50,uM,UO_0000065,,0.27
"{'action_type': 'INHIBITOR', 'description': 'Negatively effects (inhibits) the normal functioning of the protein e.g., prevention of enzymatic reaction or activation of downstream pathway', 'parent_type': 'NEGATIVE MODULATOR'}",,25011085,[],CHEMBL5236698,Inhibition of amyloid beta 42 in human HEK293 cells,B,,,BAO_0000188,BAO_0000219,cell-based format,CC(C)CC(C(=O)O)c1cc(Cl)c(OCC2CC2)c(-c2ccc(C(F)(F)F)cc2)c1,,,CHEMBL5236544,J Med Chem,2021,"{'bei': '16.23', 'le': '0.33', 'lle': '0.12', 'sei': '15.38'}",CHEMBL2151085,,CHEMBL2151085,7.16,0,http://www.openphacts.org/units/Nanomolar,3914545,=,1,1,=,,EC50,nM,,70.0,CHEMBL2487,Homo sapiens,Amyloid-beta A4 protein,9606,,,EC50,uM,UO_0000065,,0.07
"{'action_type': 'INHIBITOR', 'description': 'Negatively effects (inhibits) the normal functioning of the protein e.g., prevention of enzymatic reaction or activation of downstream pathway', 'parent_type': 'NEGATIVE MODULATOR'}",,25011086,[],CHEMBL5236699,Inhibition of amyloid beta 42 in human H4 cells,B,,,BAO_0000188,BAO_0000219,cell-based format,O=C(O)[C@H](CC1CCC1)c1cc(Cl)c(OCC(F)(F)F)c(-c2ccc(C(F)(F)F)cc2)c1,,,CHEMBL5236544,J Med Chem,2021,"{'bei': '14.88', 'le': '0.31', 'lle': '-0.18', 'sei': '15.38'}",CHEMBL3609747,,CHEMBL3609747,7.16,0,http://www.openphacts.org/units/Nanomolar,3914546,=,1,1,=,,EC50,nM,,70.0,CHEMBL2487,Homo sapiens,Amyloid-beta A4 protein,9606,,,EC50,uM,UO_0000065,,0.07
